{
  "feature_version": "v1",
  "dtype": "float32",
  "order": [
    "V1",
    "V2",
    "V3",
    "V4",
    "V5",
    "V6",
    "V7",
    "V8",
    "V9",
    "V10",
    "V11",
    "V12",
    "V13",
    "V14",
    "V15",
    "V16",
    "V17",
    "V18",
    "V19",
    "V20",
    "V21",
    "V22",
    "V23",
    "V24",
    "V25",
    "V26",
    "V27",
    "V28",
    "Amount_z",
    "tod_sin",
    "tod_cos"
  ],
  "period_sec": 86400,
  "amount_scaler": {
    "mean": 90.82491944084795,
    "scale": 250.50322155849088,
    "with_mean": true,
    "with_std": true
  },
  "medians": {
    "Time": 73261.0,
    "Amount": 23.4,
    "V1": -0.0347021514566077,
    "V2": 0.0677018998713775,
    "V3": 0.371525523356073,
    "V4": 0.0405031553215697,
    "V5": -0.122940835607943,
    "V6": -0.237645108650067,
    "V7": 0.0097861037287846,
    "V8": 0.0334918566756205,
    "V9": -0.0679497097362154,
    "V10": -0.0930675692893847,
    "V11": 0.0301595530837501,
    "V12": 0.11852963931149,
    "V13": -0.001618133614864,
    "V14": 0.0678602097596428,
    "V15": 0.120840229291531,
    "V16": 0.0599275523277861,
    "V17": -0.0457690665717672,
    "V18": -0.0258137421547144,
    "V19": -0.0060049634361958,
    "V20": -0.0510327707883497,
    "V21": -0.0348780533787111,
    "V22": -0.0118459127083824,
    "V23": -0.0229419657150574,
    "V24": 0.0477858166406194,
    "V25": 0.0752132181443275,
    "V26": -0.060314392337874,
    "V27": 0.0035275667684139,
    "V28": 0.0159042751539028
  }
}